nombre,genero,calificasion,opiniones,precios,paguina web
Tenis,femenino,4.6,306.0,2099.0,MERCADO LIBRE
Tenis,femenino,4.6,306.0,2099.0,MERCADO LIBRE
Tenis,femenino,4.6,,2099.0,MERCADO LIBRE
Tenis,masculino,4.9,10.0,2099.0,MERCADO LIBRE
Tenis,femenino,4.6,306.0,2099.0,MERCADO LIBRE
Tenis,femenino,4.6,,2099.0,MERCADO LIBRE
Tenis,masculino,4.9,10.0,2099.0,MERCADO LIBRE
Tenis,femenino,4.6,,2099.0,MERCADO LIBRE
Tenis,masculino,4.9,10.0,2099.0,MERCADO LIBRE
Tenis,femenino,4.6,306.0,2099.0,MERCADO LIBRE
Tenis,femenino,4.6,,2099.0,MERCADO LIBRE
Tenis,masculino,4.9,10.0,2099.0,MERCADO LIBRE
Tenis,femenino,4.6,306.0,2099.0,MERCADO LIBRE
Tenis,femenino,4.6,,2099.0,MERCADO LIBRE
Tenis,masculino,4.9,10.0,2099.0,MERCADO LIBRE
Tenis,masculino,4.9,10.0,2099.0,MERCADO LIBRE
Tenis,femenino,4.6,306.0,2099.0,MERCADO LIBRE
Tenis,femenino,4.6,,2099.0,MERCADO LIBRE
Tenis,masculino,4.6,,1899.0,MERCADO LIBRE
Tenis,masculino,4.6,,1899.0,MERCADO LIBRE
Tenis,masculino,4.6,,1899.0,MERCADO LIBRE
Tenis,masculino,4.6,,1899.0,MERCADO LIBRE
Tenis,masculino,4.6,,1899.0,MERCADO LIBRE
Tenis,masculino,4.6,,1899.0,MERCADO LIBRE
Tenis,masculino,4.8,17.0,1889.0,MERCADO LIBRE
Tenis,masculino,4.8,17.0,1889.0,MERCADO LIBRE
Tenis,masculino,4.8,17.0,1889.0,MERCADO LIBRE
Tenis,masculino,4.8,17.0,1889.0,MERCADO LIBRE
Tenis,masculino,4.8,17.0,1889.0,MERCADO LIBRE
Tenis,masculino,4.8,17.0,1889.0,MERCADO LIBRE
Tenis,femenino,4.5,,1799.0,MERCADO LIBRE
Tenis,femenino,4.9,145.0,1799.0,MERCADO LIBRE
Tenis,masculino,4.9,18.0,1799.0,MERCADO LIBRE
Tenis,masculino,4.9,18.0,1799.0,MERCADO LIBRE
Tenis,femenino,4.5,,1799.0,MERCADO LIBRE
Tenis,femenino,4.9,145.0,1799.0,MERCADO LIBRE
Tenis,masculino,4.9,18.0,1799.0,MERCADO LIBRE
Tenis,femenino,4.5,,1799.0,MERCADO LIBRE
Tenis,femenino,4.9,145.0,1799.0,MERCADO LIBRE
Tenis,masculino,4.9,18.0,1799.0,MERCADO LIBRE
Tenis,femenino,4.5,,1799.0,MERCADO LIBRE
Tenis,femenino,4.9,145.0,1799.0,MERCADO LIBRE
Tenis,masculino,4.9,18.0,1799.0,MERCADO LIBRE
Tenis,femenino,4.5,,1799.0,MERCADO LIBRE
Tenis,masculino,4.9,18.0,1799.0,MERCADO LIBRE
Tenis,femenino,4.9,145.0,1799.0,MERCADO LIBRE
Tenis,femenino,4.9,145.0,1799.0,MERCADO LIBRE
Tenis,femenino,4.5,,1799.0,MERCADO LIBRE
Tenis,masculino,4.8,,1759.0,MERCADO LIBRE
Tenis,masculino,4.8,,1759.0,MERCADO LIBRE
Tenis,masculino,4.8,,1759.0,MERCADO LIBRE
Tenis,masculino,4.8,,1759.0,MERCADO LIBRE
Tenis,masculino,4.8,,1759.0,MERCADO LIBRE
Tenis,masculino,4.8,,1759.0,MERCADO LIBRE
Tenis,femenino,4.7,197.0,1649.0,MERCADO LIBRE
Tenis,femenino,4.7,197.0,1649.0,MERCADO LIBRE
Tenis,femenino,4.7,197.0,1649.0,MERCADO LIBRE
Tenis,femenino,4.7,197.0,1649.0,MERCADO LIBRE
Tenis,femenino,4.7,197.0,1649.0,MERCADO LIBRE
Tenis,femenino,4.7,197.0,1649.0,MERCADO LIBRE
Tenis,masculino,4.9,23.0,1619.0,MERCADO LIBRE
Tenis,femenino,4.8,33.0,1619.0,MERCADO LIBRE
Tenis,femenino,4.8,33.0,1619.0,MERCADO LIBRE
Tenis,femenino,4.8,33.0,1619.0,MERCADO LIBRE
Tenis,masculino,4.9,23.0,1619.0,MERCADO LIBRE
Tenis,femenino,4.8,33.0,1619.0,MERCADO LIBRE
Tenis,femenino,4.8,33.0,1619.0,MERCADO LIBRE
Tenis,femenino,4.8,33.0,1619.0,MERCADO LIBRE
Tenis,masculino,4.9,23.0,1619.0,MERCADO LIBRE
Tenis,masculino,4.9,23.0,1619.0,MERCADO LIBRE
Tenis,masculino,4.9,23.0,1619.0,MERCADO LIBRE
Tenis,masculino,4.9,23.0,1619.0,MERCADO LIBRE
Tenis,masculino,4.7,,1529.0,MERCADO LIBRE
Tenis,masculino,4.7,,1529.0,MERCADO LIBRE
Tenis,masculino,4.7,,1529.0,MERCADO LIBRE
Tenis,masculino,4.7,,1529.0,MERCADO LIBRE
Tenis,masculino,4.7,,1529.0,MERCADO LIBRE
Tenis,masculino,4.7,,1529.0,MERCADO LIBRE
Tenis,masculino,4.8,29.0,1484.0,MERCADO LIBRE
Tenis,masculino,4.8,29.0,1484.0,MERCADO LIBRE
Tenis,masculino,4.8,29.0,1484.0,MERCADO LIBRE
Tenis,masculino,4.8,29.0,1484.0,MERCADO LIBRE
Tenis,masculino,4.8,29.0,1484.0,MERCADO LIBRE
Tenis,masculino,4.8,29.0,1484.0,MERCADO LIBRE
Tenis,masculino,4.9,16.0,1439.0,MERCADO LIBRE
Tenis,masculino,4.9,15.0,1439.0,MERCADO LIBRE
Tenis,masculino,4.9,16.0,1439.0,MERCADO LIBRE
Tenis,masculino,4.9,15.0,1439.0,MERCADO LIBRE
Tenis,masculino,4.9,16.0,1439.0,MERCADO LIBRE
Tenis,masculino,4.9,16.0,1439.0,MERCADO LIBRE
Tenis,masculino,4.9,15.0,1439.0,MERCADO LIBRE
Tenis,masculino,4.9,15.0,1439.0,MERCADO LIBRE
Tenis,masculino,4.9,16.0,1439.0,MERCADO LIBRE
Tenis,masculino,4.9,15.0,1439.0,MERCADO LIBRE
Tenis,masculino,4.9,15.0,1439.0,MERCADO LIBRE
Tenis,masculino,4.9,16.0,1439.0,MERCADO LIBRE
Tenis,masculino,4.7,,1279.0,MERCADO LIBRE
Tenis,masculino,4.7,,1279.0,MERCADO LIBRE
Tenis,masculino,4.7,,1279.0,MERCADO LIBRE
Tenis,masculino,4.7,,1279.0,MERCADO LIBRE
Tenis,masculino,4.7,,1279.0,MERCADO LIBRE
Tenis,masculino,4.7,,1279.0,MERCADO LIBRE
Tenis,masculino,4.6,149.0,1274.0,MERCADO LIBRE
Tenis,masculino,4.6,149.0,1274.0,MERCADO LIBRE
Tenis,femenino,4.5,,1274.0,MERCADO LIBRE
Tenis,masculino,4.6,149.0,1274.0,MERCADO LIBRE
Tenis,masculino,4.3,6.0,1274.0,MERCADO LIBRE
Tenis,masculino,4.3,6.0,1274.0,MERCADO LIBRE
Tenis,femenino,4.5,,1274.0,MERCADO LIBRE
Tenis,masculino,4.6,149.0,1274.0,MERCADO LIBRE
Tenis,masculino,4.3,6.0,1274.0,MERCADO LIBRE
Tenis,femenino,4.5,,1274.0,MERCADO LIBRE
Tenis,femenino,4.5,,1274.0,MERCADO LIBRE
Tenis,femenino,4.5,,1274.0,MERCADO LIBRE
Tenis,masculino,4.3,6.0,1274.0,MERCADO LIBRE
Tenis,masculino,4.6,149.0,1274.0,MERCADO LIBRE
Tenis,masculino,4.3,6.0,1274.0,MERCADO LIBRE
Tenis,masculino,4.6,149.0,1274.0,MERCADO LIBRE
Tenis,masculino,4.3,6.0,1274.0,MERCADO LIBRE
Tenis,femenino,4.5,,1274.0,MERCADO LIBRE
Tenis,femenino,4.6,,1199.0,MERCADO LIBRE
Tenis,femenino,4.6,,1199.0,MERCADO LIBRE
Tenis,femenino,4.6,,1199.0,MERCADO LIBRE
Tenis,femenino,4.6,,1199.0,MERCADO LIBRE
Tenis,femenino,4.6,,1199.0,MERCADO LIBRE
Tenis,femenino,4.6,,1199.0,MERCADO LIBRE
Tenis,femenino,4.9,17.0,163.0,MERCADO LIBRE
Tenis,femenino,4.9,17.0,163.0,MERCADO LIBRE
Tenis,femenino,4.9,17.0,163.0,MERCADO LIBRE
Tenis,femenino,4.9,17.0,163.0,MERCADO LIBRE
Tenis,femenino,4.9,17.0,163.0,MERCADO LIBRE
Tenis,femenino,4.9,17.0,163.0,MERCADO LIBRE
Tenis,femenino,4.8,24.0,126.0,MERCADO LIBRE
Tenis,femenino,4.8,24.0,126.0,MERCADO LIBRE
Tenis,femenino,4.8,24.0,126.0,MERCADO LIBRE
Tenis,femenino,4.7,205.0,126.0,MERCADO LIBRE
Tenis,femenino,4.7,205.0,126.0,MERCADO LIBRE
Tenis,masculino,4.7,,126.0,MERCADO LIBRE
Tenis,femenino,4.8,24.0,126.0,MERCADO LIBRE
Tenis,femenino,4.7,205.0,126.0,MERCADO LIBRE
Tenis,femenino,4.7,205.0,126.0,MERCADO LIBRE
Tenis,femenino,4.8,24.0,126.0,MERCADO LIBRE
Tenis,masculino,4.7,,126.0,MERCADO LIBRE
Tenis,masculino,4.7,,126.0,MERCADO LIBRE
Tenis,femenino,4.8,24.0,126.0,MERCADO LIBRE
Tenis,femenino,4.7,205.0,126.0,MERCADO LIBRE
Tenis,masculino,4.7,,126.0,MERCADO LIBRE
Tenis,masculino,4.7,,126.0,MERCADO LIBRE
Tenis,femenino,4.7,205.0,126.0,MERCADO LIBRE
Tenis,masculino,4.7,,126.0,MERCADO LIBRE
Tenis,femenino,4.5,64.0,120.0,MERCADO LIBRE
Tenis,femenino,4.5,64.0,120.0,MERCADO LIBRE
Tenis,femenino,4.5,64.0,120.0,MERCADO LIBRE
Tenis,femenino,4.5,64.0,120.0,MERCADO LIBRE
Tenis,femenino,4.5,64.0,120.0,MERCADO LIBRE
Tenis,femenino,4.5,64.0,120.0,MERCADO LIBRE
Tenis,masculino,4.7,,114.0,MERCADO LIBRE
Tenis,femenino,4.8,34.0,114.0,MERCADO LIBRE
Tenis,femenino,4.8,34.0,114.0,MERCADO LIBRE
Tenis,femenino,4.8,34.0,114.0,MERCADO LIBRE
Tenis,masculino,4.7,,114.0,MERCADO LIBRE
Tenis,masculino,4.7,,114.0,MERCADO LIBRE
Tenis,femenino,4.8,34.0,114.0,MERCADO LIBRE
Tenis,femenino,4.8,34.0,114.0,MERCADO LIBRE
Tenis,masculino,4.7,,114.0,MERCADO LIBRE
Tenis,femenino,4.8,34.0,114.0,MERCADO LIBRE
Tenis,masculino,4.7,,114.0,MERCADO LIBRE
Tenis,masculino,4.7,,114.0,MERCADO LIBRE
Tenis,femenino,4.5,15.0,108.0,MERCADO LIBRE
Tenis,masculino,4.8,,108.0,MERCADO LIBRE
Tenis,femenino,4.8,,108.0,MERCADO LIBRE
Tenis,femenino,4.5,15.0,108.0,MERCADO LIBRE
Tenis,femenino,4.5,15.0,108.0,MERCADO LIBRE
Tenis,masculino,4.8,,108.0,MERCADO LIBRE
Tenis,femenino,4.5,15.0,108.0,MERCADO LIBRE
Tenis,femenino,4.8,,108.0,MERCADO LIBRE
Tenis,femenino,4.8,,108.0,MERCADO LIBRE
Tenis,femenino,4.8,,108.0,MERCADO LIBRE
Tenis,masculino,4.8,,108.0,MERCADO LIBRE
Tenis,femenino,4.8,,108.0,MERCADO LIBRE
Tenis,masculino,4.8,,108.0,MERCADO LIBRE
Tenis,masculino,4.8,,108.0,MERCADO LIBRE
Tenis,femenino,4.8,,108.0,MERCADO LIBRE
Tenis,femenino,4.5,15.0,108.0,MERCADO LIBRE
Tenis,masculino,4.8,,108.0,MERCADO LIBRE
Tenis,femenino,4.5,15.0,108.0,MERCADO LIBRE
Tenis,femenino,4.6,318.0,106.0,MERCADO LIBRE
Tenis,femenino,4.6,318.0,106.0,MERCADO LIBRE
Tenis,femenino,4.6,318.0,106.0,MERCADO LIBRE
Tenis,femenino,4.6,318.0,106.0,MERCADO LIBRE
Tenis,femenino,4.6,318.0,106.0,MERCADO LIBRE
Tenis,femenino,4.6,318.0,106.0,MERCADO LIBRE
Tenis,masculino,4.7,369.0,99.0,MERCADO LIBRE
Tenis,masculino,4.7,369.0,99.0,MERCADO LIBRE
Tenis,masculino,4.7,369.0,99.0,MERCADO LIBRE
Tenis,masculino,4.7,369.0,99.0,MERCADO LIBRE
Tenis,masculino,4.7,369.0,99.0,MERCADO LIBRE
Tenis,masculino,4.7,369.0,99.0,MERCADO LIBRE
Tenis,masculino,4.7,32.0,97.0,MERCADO LIBRE
Tenis,masculino,4.8,27.0,97.0,MERCADO LIBRE
Tenis,masculino,4.7,32.0,97.0,MERCADO LIBRE
Tenis,masculino,4.8,27.0,97.0,MERCADO LIBRE
Tenis,masculino,4.8,27.0,97.0,MERCADO LIBRE
Tenis,masculino,4.7,32.0,97.0,MERCADO LIBRE
Tenis,masculino,4.7,32.0,97.0,MERCADO LIBRE
Tenis,masculino,4.8,27.0,97.0,MERCADO LIBRE
Tenis,masculino,4.7,32.0,97.0,MERCADO LIBRE
Tenis,masculino,4.8,27.0,97.0,MERCADO LIBRE
Tenis,masculino,4.8,27.0,97.0,MERCADO LIBRE
Tenis,masculino,4.7,32.0,97.0,MERCADO LIBRE
Tenis,femenino,4.9,14.0,92.0,MERCADO LIBRE
Tenis,femenino,4.9,14.0,92.0,MERCADO LIBRE
Tenis,femenino,4.9,14.0,92.0,MERCADO LIBRE
Tenis,femenino,4.9,14.0,92.0,MERCADO LIBRE
Tenis,femenino,4.9,14.0,92.0,MERCADO LIBRE
Tenis,femenino,4.9,14.0,92.0,MERCADO LIBRE
Tenis,femenino,4.4,,89.0,MERCADO LIBRE
Tenis,femenino,4.4,,89.0,MERCADO LIBRE
Tenis,femenino,4.4,,89.0,MERCADO LIBRE
Tenis,femenino,4.4,,89.0,MERCADO LIBRE
Tenis,femenino,4.4,,89.0,MERCADO LIBRE
Tenis,femenino,4.4,,89.0,MERCADO LIBRE
Tenis,masculino,4.7,503.0,86.0,MERCADO LIBRE
Tenis,masculino,4.7,503.0,86.0,MERCADO LIBRE
Tenis,masculino,4.7,503.0,86.0,MERCADO LIBRE
Tenis,masculino,4.7,503.0,86.0,MERCADO LIBRE
Tenis,masculino,4.7,503.0,86.0,MERCADO LIBRE
Tenis,masculino,4.7,503.0,86.0,MERCADO LIBRE
Tenis,masculino,4.8,,77.0,MERCADO LIBRE
Tenis,masculino,4.8,,77.0,MERCADO LIBRE
Tenis,masculino,4.8,,77.0,MERCADO LIBRE
Tenis,femenino,4.7,,77.0,MERCADO LIBRE
Tenis,masculino,4.8,,77.0,MERCADO LIBRE
Tenis,femenino,4.7,308.0,77.0,MERCADO LIBRE
Tenis,femenino,4.7,308.0,77.0,MERCADO LIBRE
Tenis,femenino,4.7,308.0,77.0,MERCADO LIBRE
Tenis,femenino,4.7,,77.0,MERCADO LIBRE
Tenis,femenino,4.7,,77.0,MERCADO LIBRE
Tenis,masculino,4.8,,77.0,MERCADO LIBRE
Tenis,femenino,4.7,308.0,77.0,MERCADO LIBRE
Tenis,masculino,4.8,,77.0,MERCADO LIBRE
Tenis,femenino,4.7,,77.0,MERCADO LIBRE
Tenis,femenino,4.7,308.0,77.0,MERCADO LIBRE
Tenis,femenino,4.7,308.0,77.0,MERCADO LIBRE
Tenis,femenino,4.7,,77.0,MERCADO LIBRE
Tenis,femenino,4.7,,77.0,MERCADO LIBRE
Tenis,femenino,4.8,123.0,72.0,MERCADO LIBRE
Tenis,femenino,4.8,123.0,72.0,MERCADO LIBRE
Tenis,femenino,4.8,123.0,72.0,MERCADO LIBRE
Tenis,femenino,4.8,123.0,72.0,MERCADO LIBRE
Tenis,femenino,4.8,123.0,72.0,MERCADO LIBRE
Tenis,femenino,4.8,123.0,72.0,MERCADO LIBRE
